ID_VALVULA;ID_MTO;ID_LINEA;CLASE;DESCRIPCION;TAG PIPING;Correlativo Maqueta;DIAGRAMA;TAG INSTRUMENTACION;DIAM.;CANTIDAD
VAL001;1.2509;"03351-CT-6""-C3-0023-R3";C3;VÁLVULA CONO, ACERO CARBONO ASTM A216 WCB TRIMASTM A216 WCB ASME B16.34 ANSI B16.5 RF CL 150 LO NITRILO Y ASIENTO METALICO;;;;;"2""";1
VAL002;1.2510;"03351-CT-6""-C3-0018-R3";C3;VÁLVULA CONO, ACERO CARBONO ASTM A216 WCB TRIMASTM A216 WCB ASME B16.34 ANSI B16.5 RF CL 150 LO NITRILO Y ASIENTO METALICO;;;;;"2""";1
VAL003;1.2511;"03351-CT-6""-C3-0021-R3";C3;VÁLVULA CONO, ACERO CARBONO ASTM A216 WCB TRIMASTM A216 WCB ASME B16.34 ANSI B16.5 RF CL 150 LO NITRILO Y ASIENTO METALICO;;;;;"2""";1
VAL004;1.2512;"03351-CT-6""-C3-0023-R3";C3;VÁLVULA CONO, ACERO CARBONO ASTM A216 WCB TRIMASTM A216 WCB ASME B16.34 ANSI B16.5 RF CL 150 LO NITRILO Y ASIENTO METALICO;;;;;"3""";1
VAL005;1.2513;"03351-CT-6""-C3-0021-R3";C3;VÁLVULA CONO, ACERO CARBONO ASTM A216 WCB TRIMASTM A216 WCB ASME B16.34 ANSI B16.5 RF CL 150 LO NITRILO Y ASIENTO METALICO;;;;;"3""";1
VAL006;1.2514;"03351-CT-6""-C3-0018-R3";C3;VÁLVULA CONO, ACERO CARBONO ASTM A216 WCB TRIMASTM A216 WCB ASME B16.34 ANSI B16.5 RF CL 150 LO NITRILO Y ASIENTO METALICO;;;;;"3""";1
VAL007;1.2515;"03351-GW-1""-C1-0035-N";C1;VÁLVULA DE ASIENTO INCLINADO, MATERIAL CUERPO ASTM A351-CF3M, MATERIAL JUNTAS FPM, MATERIAL USILLO PTFE, MATERIAL ASIENTO PTFE, NPT ASME B1.20.1, PO;;;;;"3/4""";1
VAL008;1.2516;"03351-GW-1""-C1-0033-N";C1;VÁLVULA DE ASIENTO INCLINADO, MATERIAL CUERPO ASTM A351-CF3M, MATERIAL JUNTAS FPM, MATERIAL USILLO PTFE, MATERIAL ASIENTO PTFE, NPT ASME B1.20.1, PO;;;;;"3/4""";1
VAL009;1.2517;"03351-GW-1""-C1-0031-N";C1;VÁLVULA DE ASIENTO INCLINADO, MATERIAL CUERPO ASTM A351-CF3M, MATERIAL JUNTAS FPM, MATERIAL USILLO PTFE, MATERIAL ASIENTO PTFE, NPT ASME B1.20.1, PO;;;;;"3/4""";1
VAL010;1.2518;"03351-PW-4""-C1-0094-N";C1;VÁLVULA DE BOLA 2 CUERPOS, API 608, CUERPO ASTM A216 GR. WCB, BOLA A316, ASIENTO RPTFE, ANSI B16.5 CLASE 150 RF, LO;;;;;"4""";1
VAL011;1.2519;"03351-PW-4""-C1-0016-N";C1;VÁLVULA DE BOLA 2 CUERPOS, API 608, CUERPO ASTM A216 GR. WCB, BOLA A316, ASIENTO RPTFE, ANSI B16.5CLASE 150 RF, LO;;;;;"4""";1
VAL012;1.2520;"03351-PW-4""-C1-0094-N";C1;VÁLVULA DE BOLA 2 CUERPOS, API 608, CUERPO ASTMA216 GR. WCB, BOLA A316, ASIENTO RPTFE, ANSI B16.5 CLASE 150 RF, LO;;;;;"4""";1
VAL013;1.2521;"03351-PW-4""-C1-0016-N";C1;VÁLVULA DE BOLA 2 CUERPOS, API 608, CUERPO ASTMA216 GR. WCB, BOLA A316, ASIENTO RPTFE, ANSI B16.5 CLASE 150 RF, LO;;;;;"4""";1
VAL014;1.2522;"03351-PW-4""-C1-0016-N";C1;VÁLVULA DE BOLA 2 CUERPOS, API 608, CUERPO ASTMA216 GR. WCB, BOLA A316, ASIENTO RPTFE, ANSI B16.5 CLASE 150 RF, PO;;;;;"4""";1
VAL015;1.2523;"03351-GW-1""-C1-0076-N";C1;"VÁLVULA DE BOLA 2 CUERPOS, MSS SP-110 CL 2000 CWP; WOG, FULL PORT, CUERPO ASTM A105, TRIM ASTM A216 TP316, ASIENTO PTFE REFORZADO, SELLOS PTFE, ASMEB1.20.1 NPT, LO";;;;;"1""";1
VAL016;1.2524;"03351-GW-1""-C1-0033-N";C1;"VÁLVULA DE BOLA 2 CUERPOS, MSS SP-110 CL 2000 CWP; WOG, FULL PORT, CUERPO ASTM A105, TRIM ASTM A216 TP316, ASIENTO PTFE REFORZADO, SELLOS PTFE, ASMEB1.20.1 NPT, LO";;;;;"1""";1
VAL017;1.2525;"03351-GW-1""-C1-0031-N";C1;"VÁLVULA DE BOLA 2 CUERPOS, MSS SP-110 CL 2000 CWP; WOG, FULL PORT, CUERPO ASTM A105, TRIM ASTM A216 TP316, ASIENTO PTFE REFORZADO, SELLOS PTFE, ASMEB1.20.1 NPT, LO";;;;;"3/4""";1
VAL018;1.2526;"03351-GW-1""-C1-0035-N";C1;"VÁLVULA DE BOLA 2 CUERPOS, MSS SP-110 CL 2000 CWP; WOG, FULL PORT, CUERPO ASTM A105, TRIM ASTM A216 TP316, ASIENTO PTFE REFORZADO, SELLOS PTFE, ASMEB1.20.1 NPT, LO";;;;;"1""";1
VAL019;1.2527;"03351-GW-1""-C1-0031-N";C1;"VÁLVULA DE BOLA 2 CUERPOS, MSS SP-110 CL 2000 CWP; WOG, FULL PORT, CUERPO ASTM A105, TRIM ASTM A216 TP316, ASIENTO PTFE REFORZADO, SELLOS PTFE, ASMEB1.20.1 NPT, LO";;;;;"1""";1
VAL020;1.2528;"03351-GW-1""-C1-0035-N";C1;"VÁLVULA DE BOLA 2 CUERPOS, MSS SP-110 CL 2000 CWP; WOG, FULL PORT, CUERPO ASTM A105, TRIM ASTM A216 TP316, ASIENTO PTFE REFORZADO, SELLOS PTFE, ASMEB1.20.1 NPT, LO";;;;;"3/4""";1
VAL021;1.2529;"03351-GW-1""-C1-0033-N";C1;"VÁLVULA DE BOLA 2 CUERPOS, MSS SP-110 CL 2000 CWP; WOG, FULL PORT, CUERPO ASTM A105, TRIM ASTM A216 TP316, ASIENTO PTFE REFORZADO, SELLOS PTFE, ASMEB1.20.1 NPT, LO";;;;;"1""";1
VAL022;1.2530;"03351-GW-1""-C1-0035-N";C1;"VÁLVULA DE BOLA 2 CUERPOS, MSS SP-110 CL 2000 CWP; WOG, FULL PORT, CUERPO ASTM A105, TRIM ASTM A216 TP316, ASIENTO PTFE REFORZADO, SELLOS PTFE, ASMEB1.20.1 NPT, LO";;;;;"3/4""";1
VAL023;1.2531;"03351-GW-1""-C1-0075-N";C1;"VÁLVULA DE BOLA 2 CUERPOS, MSS SP-110 CL 2000 CWP; WOG, FULL PORT, CUERPO ASTM A105, TRIM ASTM A216 TP316, ASIENTO PTFE REFORZADO, SELLOS PTFE, ASMEB1.20.1 NPT, LO";;;;;"1""";1
VAL024;1.2532;"03351-GW-1""-C1-0033-N";C1;"VÁLVULA DE BOLA 2 CUERPOS, MSS SP-110 CL 2000 CWP; WOG, FULL PORT, CUERPO ASTM A105, TRIM ASTM A216 TP316, ASIENTO PTFE REFORZADO, SELLOS PTFE, ASMEB1.20.1 NPT, LO";;;;;"3/4""";1
VAL025;1.2533;"03351-GW-1""-C1-0031-N";C1;"VÁLVULA DE BOLA 2 CUERPOS, MSS SP-110 CL 2000 CWP; WOG, FULL PORT, CUERPO ASTM A105, TRIM ASTM A216 TP316, ASIENTO PTFE REFORZADO, SELLOS PTFE, ASMEB1.20.1 NPT, LO";;;;;"3/4""";1
VAL026;1.2534;"03351-GW-1""-C1-0035-N";C1;"VÁLVULA DE BOLA 2 CUERPOS, MSS SP-110 CL 2000 CWP; WOG, FULL PORT, CUERPO ASTM A105, TRIM ASTM A216 TP316, ASIENTO PTFE REFORZADO, SELLOS PTFE, ASME B1.20.1 NPT, LO";;;;;"1""";1
VAL027;1.2535;"03351-GW-1""-C1-0031-N";C1;"VÁLVULA DE BOLA 2 CUERPOS, MSS SP-110 CL 2000 CWP; WOG, FULL PORT, CUERPO ASTM A105, TRIM ASTM A216 TP316, ASIENTO PTFE REFORZADO, SELLOS PTFE, ASME B1.20.1 NPT, LO";;;;;"1""";1
VAL028;1.2536;"03351-GW-1""-C1-0031-N";C1;"VÁLVULA DE BOLA 2 CUERPOS, MSS SP-110 CL 2000 CWP; WOG, FULL PORT, CUERPO ASTM A105, TRIM ASTM A216 TP316, ASIENTO PTFE REFORZADO, SELLOS PTFE, ASME B1.20.1 NPT, LO";;;;;"1""";1
VAL029;1.2537;"03351-GW-1""-C1-0035-N";C1;"VÁLVULA DE BOLA 2 CUERPOS, MSS SP-110 CL 2000 CWP; WOG, FULL PORT, CUERPO ASTM A105, TRIM ASTM A216 TP316, ASIENTO PTFE REFORZADO, SELLOS PTFE, ASMEB1.20.1 NPT, LO";;;;;"1""";1
VAL030;1.2538;"03351-GW-1""-C1-0033-N";C1;"VÁLVULA DE BOLA 2 CUERPOS, MSS SP-110 CL 2000 CWP; WOG, FULL PORT, CUERPO ASTM A105, TRIM ASTM A216 TP316, ASIENTO PTFE REFORZADO, SELLOS PTFE, ASMEB1.20.1 NPT, LO";;;;;"1""";1
VAL031;1.2539;"03351-GW-1""-C1-0033-N";C1;"VÁLVULA DE BOLA 2 CUERPOS, MSS SP-110 CL 2000 CWP; WOG, FULL PORT, CUERPO ASTM A105, TRIM ASTM A216 TP316, ASIENTO PTFE REFORZADO, SELLOS PTFE, ASMEB1.20.1 NPT, LO";;;;;"3/4""";1
VAL032;1.2540;"03351-GW-2""-C1-0095-N";C1;"VÁLVULA DE BOLA 2 CUERPOS, MSS SP-110 CL 2000 CWP; WOG, FULL PORT, CUERPO ASTM A105, TRIM ASTM A216 TP316, ASIENTO PTFE REFORZADO, SELLOS PTFE, ASMEB1.20.1 NPT, LO";;;;;"3/4""";1
VAL033;1.2541;"03351-GW-2""-C1-0095-N";C1;"VÁLVULA DE BOLA 2 CUERPOS, MSS SP-110 CL 2000 CWP; WOG, FULL PORT, CUERPO ASTM A105, TRIM ASTM A216 TP316, ASIENTO PTFE REFORZADO, SELLOS PTFE, ASMEB1.20.1 NPT, LO";;;;;"3/4""";1
VAL034;1.2542;"03351-PW-2""-C1-0051-N";C1;"VÁLVULA DE BOLA 3 CUERPOS, MSS SP-110 CL 2000 CWP; WOG,  FULL PORT, CUERPO ASTM A105, TRIM ASTM A216 TP316, ASIENTO PTFE REFORZADO, SELLOS PTFE, ASMEB1.20.1 NPT, LO";;;;;"2""";1
VAL035;1.2543;"03351-PW-2""-C1-0025-N";C1;"VÁLVULA DE BOLA 3 CUERPOS, MSS SP-110 CL 2000 CWP; WOG,  FULL PORT, CUERPO ASTM A105, TRIM ASTM A216 TP316, ASIENTO PTFE REFORZADO, SELLOS PTFE, ASMEB1.20.1 NPT, LO";;;;;"2""";1
VAL036;1.2544;"03351-PW-2""-C1-0028-N";C1;"VÁLVULA DE BOLA 3 CUERPOS, MSS SP-110 CL 2000 CWP; WOG,  FULL PORT, CUERPO ASTM A105, TRIM ASTM A216 TP316, ASIENTO PTFE REFORZADO, SELLOS PTFE, ASMEB1.20.1 NPT, LO";;;;;"2""";1
VAL037;1.2545;"03351-PW-2""-C1-0091-N";C1;"VÁLVULA DE BOLA 3 CUERPOS, MSS SP-110 CL 2000 CWP; WOG,  FULL PORT, CUERPO ASTM A105, TRIM ASTM A216 TP316, ASIENTO PTFE REFORZADO, SELLOS PTFE, ASMEB1.20.1 NPT, LO";;;;;"2""";1
VAL038;1.2546;"03351-PW-2""-C1-0054-N";C1;"VÁLVULA DE BOLA 3 CUERPOS, MSS SP-110 CL 2000 CWP; WOG,  FULL PORT, CUERPO ASTM A105, TRIM ASTM A216 TP316, ASIENTO PTFE REFORZADO, SELLOS PTFE, ASMEB1.20.1 NPT, LO";;;;;"2""";1
VAL039;1.2547;"03351-PW-2""-C1-0056-N";C1;"VÁLVULA DE BOLA 3 CUERPOS, MSS SP-110 CL 2000 CWP; WOG,  FULL PORT, CUERPO ASTM A105, TRIM ASTM A216 TP316, ASIENTO PTFE REFORZADO, SELLOS PTFE, ASMEB1.20.1 NPT, LO";;;;;"2""";1
VAL040;1.2548;"03351-PW-2""-C1-0055-N";C1;"VÁLVULA DE BOLA 3 CUERPOS, MSS SP-110 CL 2000 CWP; WOG,  FULL PORT, CUERPO ASTM A105, TRIM ASTM A216 TP316, ASIENTO PTFE REFORZADO, SELLOS PTFE, ASMEB1.20.1 NPT, LO";;;;;"2""";1
VAL041;1.2549;"03351-PW-2""-C1-0014-N";C1;"VÁLVULA DE BOLA 3 CUERPOS, MSS SP-110 CL 2000 CWP; WOG,  FULL PORT, CUERPO ASTM A105, TRIM ASTM A216 TP316, ASIENTO PTFE REFORZADO, SELLOS PTFE, ASME B1.20.1 NPT, LO";;;;;"2""";1
VAL042;1.2550;"03351-PW-2""-C1-0014-N";C1;"VÁLVULA DE BOLA 3 CUERPOS, MSS SP-110 CL 2000 CWP; WOG,  FULL PORT, CUERPO ASTM A105, TRIM ASTM A216 TP316, ASIENTO PTFE REFORZADO, SELLOS PTFE, ASME B1.20.1 NPT, LO";;;;;"2""";1
VAL043;1.2551;"03351-PW-2""-C1-0089-N";C1;"VÁLVULA DE BOLA 3 CUERPOS, MSS SP-110 CL 2000 CWP; WOG,  FULL PORT, CUERPO ASTM A105, TRIM ASTM A216 TP316, ASIENTO PTFE REFORZADO, SELLOS PTFE, ASME B1.20.1 NPT, LO";;;;;"2""";1
VAL044;1.2552;"03351-PW-2""-C1-0090-N";C1;"VÁLVULA DE BOLA 3 CUERPOS, MSS SP-110 CL 2000 CWP; WOG,  FULL PORT, CUERPO ASTM A105, TRIM ASTM A216 TP316, ASIENTO PTFE REFORZADO, SELLOS PTFE, ASMEB1.20.1 NPT, LO";;;;;"2""";1
VAL045;1.2553;"03351-PW-2""-C1-0090-N";C1;"VÁLVULA DE BOLA 3 CUERPOS, MSS SP-110 CL 2000 CWP; WOG,  FULL PORT, CUERPO ASTM A105, TRIM ASTM A216 TP316, ASIENTO PTFE REFORZADO, SELLOS PTFE, ASMEB1.20.1 NPT, LO";;;;;"2""";1
VAL046;1.2554;"03351-PW-2""-C1-0088-N";C1;"VÁLVULA DE BOLA 3 CUERPOS, MSS SP-110 CL 2000 CWP; WOG,  FULL PORT, CUERPO ASTM A105, TRIM ASTM A216 TP316, ASIENTO PTFE REFORZADO, SELLOS PTFE, ASMEB1.20.1 NPT, LO";;;;;"2""";1
VAL047;1.2555;"03351-PW-2""-C1-0039-N";C1;"VÁLVULA DE BOLA 3 CUERPOS, MSS SP-110 CL 2000 CWP; WOG,  FULL PORT, CUERPO ASTM A105, TRIM ASTM A216 TP316, ASIENTO PTFE REFORZADO, SELLOS PTFE, ASMEB1.20.1 NPT, LO";;;;;"2""";1
VAL048;1.2556;"03351-PW-2""-C1-0078-N";C1;"VÁLVULA DE BOLA 3 CUERPOS, MSS SP-110 CL 2000 CWP; WOG,  FULL PORT, CUERPO ASTM A105, TRIM ASTM A216 TP316, ASIENTO PTFE REFORZADO, SELLOS PTFE, ASMEB1.20.1 NPT, LO";;;;;"2""";1
VAL049;1.2557;"03351-PW-2""-C1-0038-N";C1;"VÁLVULA DE BOLA 3 CUERPOS, MSS SP-110 CL 2000 CWP; WOG,  FULL PORT, CUERPO ASTM A105, TRIM ASTM A216 TP316, ASIENTO PTFE REFORZADO, SELLOS PTFE, ASMEB1.20.1 NPT, LO";;;;;"2""";1
VAL050;1.2558;"03351-PW-2""-C1-0039-N";C1;"VÁLVULA DE BOLA 3 CUERPOS, MSS SP-110 CL 2000 CWP; WOG,  FULL PORT, CUERPO ASTM A105, TRIM ASTM A216 TP316, ASIENTO PTFE REFORZADO, SELLOS PTFE, ASMEB1.20.1 NPT, LO";;;;;"2""";1
VAL051;1.2559;"03351-PW-2""-C1-0093-N";C1;"VÁLVULA DE BOLA 3 CUERPOS, MSS SP-110 CL 2000 CWP; WOG,  FULL PORT, CUERPO ASTM A105, TRIM ASTM A216 TP316, ASIENTO PTFE REFORZADO, SELLOS PTFE, ASMEB1.20.1 NPT, LO";;;;;"2""";1
VAL052;1.2560;"03351-PW-2""-C1-0025-N";C1;"VÁLVULA DE BOLA 3 CUERPOS, MSS SP-110 CL 2000 CWP; WOG,  FULL PORT, CUERPO ASTM A105, TRIM ASTM A216 TP316, ASIENTO PTFE REFORZADO, SELLOS PTFE, ASMEB1.20.1 NPT, LO";;;;;"2""";1
VAL053;1.2561;"03351-PW-2""-C1-0044-N";C1;"VÁLVULA DE BOLA 3 CUERPOS, MSS SP-110 CL 2000 CWP; WOG,  FULL PORT, CUERPO ASTM A105, TRIM ASTM A216 TP316, ASIENTO PTFE REFORZADO, SELLOS PTFE, ASMEB1.20.1 NPT, LO";;;;;"2""";1
VAL054;1.2562;"03351-PW-2""-C1-0093-N";C1;"VÁLVULA DE BOLA 3 CUERPOS, MSS SP-110 CL 2000 CWP; WOG,  FULL PORT, CUERPO ASTM A105, TRIM ASTM A216 TP316, ASIENTO PTFE REFORZADO, SELLOS PTFE, ASMEB1.20.1 NPT, LO";;;;;"2""";1
VAL055;1.2563;"03351-PW-2""-C1-0054-N";C1;"VÁLVULA DE BOLA 3 CUERPOS, MSS SP-110 CL 2000 CWP; WOG,  FULL PORT, CUERPO ASTM A105, TRIM ASTM A216 TP316, ASIENTO PTFE REFORZADO, SELLOS PTFE, ASMEB1.20.1 NPT, LO";;;;;"2""";1
VAL056;1.2564;"03351-GW-2""-C1-0040-N";C1;"VÁLVULA DE BOLA 3 CUERPOS, MSS SP-110 CL 2000 CWP; WOG,  FULL PORT, CUERPO ASTM A105, TRIM ASTM A216 TP316, ASIENTO PTFE REFORZADO, SELLOS PTFE, ASME B1.20.1 NPT, LO";;;;;"2""";1
VAL057;1.2565;"03351-GW-2""-C1-0042-N";C1;"VÁLVULA DE BOLA 3 CUERPOS, MSS SP-110 CL 2000 CWP; WOG,  FULL PORT, CUERPO ASTM A105, TRIM ASTM A216 TP316, ASIENTO PTFE REFORZADO, SELLOS PTFE, ASME B1.20.1 NPT, LO";;;;;"2""";1
VAL058;1.2566;"03351-GW-2""-C1-0041-N";C1;"VÁLVULA DE BOLA 3 CUERPOS, MSS SP-110 CL 2000 CWP; WOG,  FULL PORT, CUERPO ASTM A105, TRIM ASTM A216 TP316, ASIENTO PTFE REFORZADO, SELLOS PTFE, ASME B1.20.1 NPT, LO";;;;;"2""";1
VAL059;1.2567;"03351-GW-2""-C1-0095-N";C1;"VÁLVULA DE BOLA 3 CUERPOS, MSS SP-110 CL 2000 CWP; WOG,  FULL PORT, CUERPO ASTM A105, TRIM ASTM A216 TP316, ASIENTO PTFE REFORZADO, SELLOS PTFE, ASMEB1.20.1 NPT, LO";;;;;"2""";1
VAL060;1.2568;"03351-PW-2""-C1-0049-N";C1;"VÁLVULA DE BOLA 3 CUERPOS, MSS SP-110 CL 2000 CWP; WOG,  FULL PORT, CUERPO ASTM A105, TRIM ASTM A216 TP316, ASIENTO PTFE REFORZADO, SELLOS PTFE, ASMEB1.20.1 NPT, LO";;;;;"2""";1
VAL061;1.2569;"03351-PW-2""-C1-0048-N";C1;"VÁLVULA DE BOLA 3 CUERPOS, MSS SP-110 CL 2000 CWP; WOG,  FULL PORT, CUERPO ASTM A105, TRIM ASTM A216 TP316, ASIENTO PTFE REFORZADO, SELLOS PTFE, ASMEB1.20.1 NPT, LO";;;;;"2""";1
VAL062;1.2570;"03351-PW-2""-C1-0082-N";C1;"VÁLVULA DE BOLA 3 CUERPOS, MSS SP-110 CL 2000 CWP; WOG,  FULL PORT, CUERPO ASTM A105, TRIM ASTM A216 TP316, ASIENTO PTFE REFORZADO, SELLOS PTFE, ASMEB1.20.1 NPT, LO";;;;;"2""";1
VAL063;1.2571;"03351-PW-2""-C1-0026-N";C1;"VÁLVULA DE BOLA 3 CUERPOS, MSS SP-110 CL 2000 CWP; WOG,  FULL PORT, CUERPO ASTM A105, TRIM ASTM A216 TP316, ASIENTO PTFE REFORZADO, SELLOS PTFE, ASMEB1.20.1 NPT, LO";;;;;"2""";1
VAL064;1.2572;"03351-PW-2""-C1-0081-N";C1;"VÁLVULA DE BOLA 3 CUERPOS, MSS SP-110 CL 2000 CWP; WOG,  FULL PORT, CUERPO ASTM A105, TRIM ASTM A216 TP316, ASIENTO PTFE REFORZADO, SELLOS PTFE, ASMEB1.20.1 NPT, LO";;;;;"2""";1
VAL065;1.2573;"03351-PW-2""-C1-0049-N";C1;"VÁLVULA DE BOLA 3 CUERPOS, MSS SP-110 CL 2000 CWP; WOG,  FULL PORT, CUERPO ASTM A105, TRIM ASTM A216 TP316, ASIENTO PTFE REFORZADO, SELLOS PTFE, ASMEB1.20.1 NPT, LO";;;;;"2""";1
VAL066;1.2574;"03351-PW-2""-C1-0052-N";C1;"VÁLVULA DE BOLA 3 CUERPOS, MSS SP-110 CL 2000 CWP; WOG,  FULL PORT, CUERPO ASTM A105, TRIM ASTM A216 TP316, ASIENTO PTFE REFORZADO, SELLOS PTFE, ASMEB1.20.1 NPT, LO";;;;;"2""";1
VAL067;1.2575;"03351-PW-2""-C1-0048-N";C1;"VÁLVULA DE BOLA 3 CUERPOS, MSS SP-110 CL 2000 CWP; WOG,  FULL PORT, CUERPO ASTM A105, TRIM ASTM A216 TP316, ASIENTO PTFE REFORZADO, SELLOS PTFE, ASMEB1.20.1 NPT, LO";;;;;"2""";1
VAL068;1.2576;"03351-PW-2""-C1-0092-N";C1;"VÁLVULA DE BOLA 3 CUERPOS, MSS SP-110 CL 2000 CWP; WOG,  FULL PORT, CUERPO ASTM A105, TRIM ASTM A216 TP316, ASIENTO PTFE REFORZADO, SELLOS PTFE, ASMEB1.20.1 NPT, LO";;;;;"2""";1
VAL069;1.2577;"03351-PW-2""-C1-0085-N";C1;"VÁLVULA DE BOLA 3 CUERPOS, MSS SP-110 CL 2000 CWP; WOG,  FULL PORT, CUERPO ASTM A105, TRIM ASTM A216 TP316, ASIENTO PTFE REFORZADO, SELLOS PTFE, ASMEB1.20.1 NPT, LO";;;;;"2""";1
VAL070;1.2578;"03351-PW-2""-C1-0083-N";C1;"VÁLVULA DE BOLA 3 CUERPOS, MSS SP-110 CL 2000 CWP; WOG,  FULL PORT, CUERPO ASTM A105, TRIM ASTM A216 TP316, ASIENTO PTFE REFORZADO, SELLOS PTFE, ASMEB1.20.1 NPT, LO";;;;;"2""";1
VAL071;1.2579;"03351-PW-2""-C1-0053-N";C1;"VÁLVULA DE BOLA 3 CUERPOS, MSS SP-110 CL 2000 CWP; WOG,  FULL PORT, CUERPO ASTM A105, TRIM ASTM A216 TP316, ASIENTO PTFE REFORZADO, SELLOS PTFE, ASME B1.20.1 NPT, LO";;;;;"2""";1
VAL072;1.2580;"03351-PW-2""-C1-0084-N";C1;"VÁLVULA DE BOLA 3 CUERPOS, MSS SP-110 CL 2000 CWP; WOG,  FULL PORT, CUERPO ASTM A105, TRIM ASTM A216 TP316, ASIENTO PTFE REFORZADO, SELLOS PTFE, ASME B1.20.1 NPT, LO";;;;;"2""";1
VAL073;1.2581;"03351-PW-2""-C1-0024-N";C1;"VÁLVULA DE BOLA 3 CUERPOS, MSS SP-110 CL 2000 CWP; WOG,  FULL PORT, CUERPO ASTM A105, TRIM ASTM A216 TP316, ASIENTO PTFE REFORZADO, SELLOS PTFE, ASME B1.20.1 NPT, LO";;;;;"2""";1
VAL074;1.2582;03351-RW-250-H1-0011-N;H1;VÁLVULA DE CUCHILLO BIDIRECCIONAL NO PASANTE, CUERPO ACERO CARBONO A216 WCB, EMPAQUETADURA FIBRA SINTÉTICA IMPREGNADA PTFE, COMPUERTA ASTM A316, MSS SP-81, ASME B16.5 CL 150, WAFER, ACCIONAMIENTO MANUAL ENGRANAJE CÓNIC;;;;;"10""";1
VAL075;1.2583;03351-RW-250-H1-0009-N;H1;VÁLVULA DE CUCHILLO BIDIRECCIONAL NO PASANTE, CUERPO ACERO CARBONO A216 WCB, EMPAQUETADURA FIBRA SINTÉTICA IMPREGNADA PTFE, COMPUERTA ASTM A316, MSS SP-81, ASME B16.5 CL 150, WAFER, ACCIONAMIENTO MANUAL ENGRANAJE CÓNIC;;;;;"10""";1
VAL076;1.2584;03351-RW-250-H1-0010-N;H1;VÁLVULA DE CUCHILLO BIDIRECCIONAL NO PASANTE, CUERPO ACERO CARBONO A216 WCB, EMPAQUETADURA FIBRA SINTÉTICA IMPREGNADA PTFE, COMPUERTA ASTM A316, MSS SP-81, ASME B16.5 CL 150, WAFER, ACCIONAMIENTO MANUAL ENGRANAJE CÓNIC;"10""-VKN-303";10-VKN-303-039;;n/a;"10""";1
VAL077;1.2585;"03351-CT-6""-C3-0006-R3";C3;VÁLVULA DE CUCHILLO BIDIRECCIONAL NO PASANTE, CUERPO ACERO CARBONO A216 WCB, EMPAQUETADURA FIBRA SINTÉTICA IMPREGNADA PTFE, COMPUERTA ASTM A316, MSS SP-81, ASME B16.5 CL 150, WAFER, ACCIONAMIENTO MANUAL ENGRANAJE CÓNIC;;;;;"12""";1
VAL078;1.2586;"03351-CT-6""-C3-0007-R3";C3;VÁLVULA DE CUCHILLO BIDIRECCIONAL NO PASANTE, CUERPO ACERO CARBONO A216 WCB, EMPAQUETADURA FIBRA SINTÉTICA IMPREGNADA PTFE, COMPUERTA ASTM A316, MSS SP-81, ASME B16.5 CL 150, WAFER, ACCIONAMIENTO MANUAL ENGRANAJE CÓNIC;;;;;"12""";1
VAL079;1.2587;"03351-CT-6""-C3-0005-R3";C3;VÁLVULA DE CUCHILLO BIDIRECCIONAL NO PASANTE, CUERPO ACERO CARBONO A216 WCB, EMPAQUETADURA FIBRA SINTÉTICA IMPREGNADA PTFE, COMPUERTA ASTM A316, MSS SP-81, ASME B16.5 CL 150, WAFER, ACCIONAMIENTO MANUAL ENGRANAJE CÓNIC;;;;;"12""";1
VAL080;1.2588;"03351-CT-6""-C2-0047-N";C2;VÁLVULA DE CUCHILLO BIDIRECCIONAL NO PASANTE, CUERPO ACERO CARBONO A216 WCB, EMPAQUETADURA FIBRA SINTÉTICA IMPREGNADA PTFE, COMPUERTA ASTM A316, MSS SP-81, ASME B16.5 CL 150, WAFER, ACCIONAMIENTO MANUAL ENGRANAJE CÓNIC;;;;;"12""";1
VAL081;1.2589;"03351-PW-6""-C1-0013-N";C1;VÁLVULA DE CUCHILLO BIDIRECCIONAL NO PASANTE, CUERPO ACERO CARBONO A216 WCB, EMPAQUETADURA FIBRA SINTÉTICA IMPREGNADA PTFE, COMPUERTA ASTM A316, MSS SP-81, ASME B16.5 CL 150, WAFER, ACCIONAMIENTO MANUAL ENGRANAJE CÓNIC;;;;;"6""";1
VAL082;1.2590;"03351-CT-4""-C2-0003-N";C2;VÁLVULA DE CUCHILLO BIDIRECCIONAL NO PASANTE, CUERPO ACERO CARBONO A216 WCB, EMPAQUETADURA FIBRA SINTÉTICA IMPREGNADA PTFE, COMPUERTA ASTM A316, MSS SP-81, ASME B16.5 CL 150, WAFER, ACCIONAMIENTO MANUAL HWO, CON CADEN;;;;;"4""";1
VAL083;1.2591;"03351-CT-4""-C2-0004-N";C2;VÁLVULA DE CUCHILLO BIDIRECCIONAL NO PASANTE, CUERPO ACERO CARBONO A216 WCB, EMPAQUETADURA FIBRA SINTÉTICA IMPREGNADA PTFE, COMPUERTA ASTM A316, MSS SP-81, ASME B16.5 CL 150, WAFER, ACCIONAMIENTO MANUAL HWO, CON CADEN;;;;;"4""";1
VAL084;1.2592;"03351-CT-6""-C3-0005-R3";C3;VÁLVULA DE CUCHILLO BIDIRECCIONAL NO PASANTE, CUERPO ACERO CARBONO A216 WCB, EMPAQUETADURA FIBRA SINTÉTICA IMPREGNADA PTFE, COMPUERTA ASTM A316, MSS SP-81, ASME B16.5 CL 150, WAFER,ACCIONAMIENTO NEUMÁTICO PO;;;;HV-1019;"6""";1
VAL085;1.2593;03351-RW-250-H1-0010-N;H1;VÁLVULA DE CUCHILLO BIDIRECCIONAL NO PASANTE, CUERPO ACERO CARBONO A216 WCB, EMPAQUETADURA FIBRA SINTÉTICA IMPREGNADA PTFE, COMPUERTA ASTM A316, MSS SP-81, ASME B16.5 CL 150, WAFER, ACCIONAMIENTO NEUMÁTICO PO;"10""-VKN-304";10-VKN-303-040;;HV-1011;"10""";1
VAL086;1.2594;03351-RW-250-H1-0011-N;H1;VÁLVULA DE CUCHILLO BIDIRECCIONAL NO PASANTE, CUERPO ACERO CARBONO A216 WCB, EMPAQUETADURA FIBRA SINTÉTICA IMPREGNADA PTFE, COMPUERTA ASTM A316, MSS SP-81, ASME B16.5 CL 150, WAFER,ACCIONAMIENTO NEUMÁTICO PO;;;;HV-1012;"10""";1
VAL087;1.2595;03351-RW-250-H1-0009-N;H1;VÁLVULA DE CUCHILLO BIDIRECCIONAL NO PASANTE, CUERPO ACERO CARBONO A216 WCB, EMPAQUETADURA FIBRA SINTÉTICA IMPREGNADA PTFE, COMPUERTA ASTM A316, MSS SP-81, ASME B16.5 CL 150, WAFER,ACCIONAMIENTO NEUMÁTICO PO;;;;;"10""";1
VAL088;1.2596;"03351-CT-6""-C3-0018-R3";C3;VÁLVULA DE CUCHILLO BIDIRECCIONAL NO PASANTE, CUERPO ACERO CARBONO A216 WCB, EMPAQUETADURA FIBRA SINTÉTICA IMPREGNADA PTFE, COMPUERTA ASTM A316, MSS SP-81, ASME B16.5 CL 150, WAFER,ACCIONAMIENTO NEUMÁTICO PO;;;;;"6""";1
VAL089;1.2597;"03351-CT-6""-C3-0018-R3";C3;VÁLVULA DE CUCHILLO BIDIRECCIONAL NO PASANTE, CUERPO ACERO CARBONO A216 WCB, EMPAQUETADURA FIBRA SINTÉTICA IMPREGNADA PTFE, COMPUERTA ASTM A316, MSS SP-81, ASME B16.5 CL 150, WAFER,ACCIONAMIENTO NEUMÁTICO PO;;;;;"6""";1
VAL090;1.2598;03351-CT-200-H2-0045-N;H2;VÁLVULA DE CUCHILLO BIDIRECCIONAL NO PASANTE, CUERPO ACERO CARBONO A216 WCB, EMPAQUETADURA FIBRA SINTÉTICA IMPREGNADA PTFE, COMPUERTA ASTM A316, MSS SP-81, ASME B16.5 CL 150, WAFER, ACCIONAMIENTO NEUMÁTICO PO;;;;;"8""";1
VAL091;1.2599;03351-CT-200-H2-0045-N;H2;VÁLVULA DE CUCHILLO BIDIRECCIONAL NO PASANTE, CUERPO ACERO CARBONO A216 WCB, EMPAQUETADURA FIBRA SINTÉTICA IMPREGNADA PTFE, COMPUERTA ASTM A316, MSS SP-81, ASME B16.5 CL 150, WAFER,ACCIONAMIENTO NEUMÁTICO PO;;;;;"8""";1
VAL092;1.2600;"03351-CT-6""-C3-0021-R3";C3;VÁLVULA DE CUCHILLO BIDIRECCIONAL NO PASANTE, CUERPO ACERO CARBONO A216 WCB, EMPAQUETADURA FIBRA SINTÉTICA IMPREGNADA PTFE, COMPUERTA ASTM A316, MSS SP-81, ASME B16.5 CL 150, WAFER,ACCIONAMIENTO NEUMÁTICO PO;;;;;"6""";1
VAL093;1.2601;"03351-CT-6""-C3-0006-R3";C3;VÁLVULA DE CUCHILLO BIDIRECCIONAL NO PASANTE, CUERPO ACERO CARBONO A216 WCB, EMPAQUETADURA FIBRA SINTÉTICA IMPREGNADA PTFE, COMPUERTA ASTM A316, MSS SP-81, ASME B16.5 CL 150, WAFER,ACCIONAMIENTO NEUMÁTICO PO;;;;;"6""";1
VAL094;1.2602;"03351-CT-6""-C3-0021-R3";C3;VÁLVULA DE CUCHILLO BIDIRECCIONAL NO PASANTE, CUERPO ACERO CARBONO A216 WCB, EMPAQUETADURA FIBRA SINTÉTICA IMPREGNADA PTFE, COMPUERTA ASTM A316, MSS SP-81, ASME B16.5 CL 150, WAFER,ACCIONAMIENTO NEUMÁTICO PO;;;;;"6""";1
VAL095;1.2603;"03351-CT-6""-C3-0007-R3";C3;VÁLVULA DE CUCHILLO BIDIRECCIONAL NO PASANTE, CUERPO ACERO CARBONO A216 WCB, EMPAQUETADURA FIBRA SINTÉTICA IMPREGNADA PTFE, COMPUERTA ASTM A316, MSS SP-81, ASME B16.5 CL 150, WAFER,ACCIONAMIENTO NEUMÁTICO PO;;;;;"6""";1
VAL096;1.2604;"03351-CT-6""-C3-0050-R3";C3;VÁLVULA DE CUCHILLO BIDIRECCIONAL NO PASANTE, CUERPO ACERO CARBONO A216 WCB, EMPAQUETADURA FIBRA SINTÉTICA IMPREGNADA PTFE, COMPUERTA ASTM A316, MSS SP-81, ASME B16.5 CL 150, WAFER,ACCIONAMIENTO NEUMÁTICO PO;;;;;"6""";1
VAL097;1.2605;"03351-CT-6""-C3-0030-R3";C3;VÁLVULA DE CUCHILLO BIDIRECCIONAL NO PASANTE, CUERPO ACERO CARBONO A216 WCB, EMPAQUETADURA FIBRA SINTÉTICA IMPREGNADA PTFE, COMPUERTA ASTM A316, MSS SP-81, ASME B16.5 CL 150, WAFER,ACCIONAMIENTO NEUMÁTICO PO;;;;;"6""";1
VAL098;1.2606;"03351-CT-6""-C3-0023-R3";C3;VÁLVULA DE CUCHILLO BIDIRECCIONAL NO PASANTE, CUERPO ACERO CARBONO A216 WCB, EMPAQUETADURA FIBRA SINTÉTICA IMPREGNADA PTFE, COMPUERTA ASTM A316, MSS SP-81, ASME B16.5 CL 150, WAFER,ACCIONAMIENTO NEUMÁTICO PO;;;;;"6""";1
VAL099;1.2607;"03351-CT-6""-C3-0046-R3";C3;VÁLVULA DE CUCHILLO BIDIRECCIONAL NO PASANTE, CUERPO ACERO CARBONO A216 WCB, EMPAQUETADURA FIBRA SINTÉTICA IMPREGNADA PTFE, COMPUERTA ASTM A316, MSS SP-81, ASME B16.5 CL 150, WAFER,ACCIONAMIENTO NEUMÁTICO PO;;;;;"6""";1
VAL100;1.2608;"03351-CT-6""-C3-0046-R3";C3;VÁLVULA DE CUCHILLO BIDIRECCIONAL NO PASANTE, CUERPO ACERO CARBONO A216 WCB, EMPAQUETADURA FIBRA SINTÉTICA IMPREGNADA PTFE, COMPUERTA ASTM A316, MSS SP-81, ASME B16.5 CL 150, WAFER,ACCIONAMIENTO NEUMÁTICO PO;;;;;"6""";1
VAL101;1.2609;03351-CT-200-H2-0002-N;H2;VÁLVULA DE CUCHILLO BIDIRECCIONAL NO PASANTE, CUERPO ACERO CARBONO A216 WCB, EMPAQUETADURA FIBRA SINTÉTICA IMPREGNADA PTFE, COMPUERTA ASTM A316, MSS SP-81, ASME B16.5 CL 150, WAFER,ACCIONAMIENTO NEUMÁTICO PO;;;;;"8""";1
VAL102;1.2610;03351-CT-200-H2-0002-N;H2;VÁLVULA DE CUCHILLO BIDIRECCIONAL NO PASANTE, CUERPO ACERO CARBONO A216 WCB, EMPAQUETADURA FIBRA SINTÉTICA IMPREGNADA PTFE, COMPUERTA ASTM A316, MSS SP-81, ASME B16.5 CL 150, WAFER, ACCIONAMIENTO NEUMÁTICO PO;;;;;"8""";1
VAL103;1.2611;"03351-GW-2""-C1-0095-N";C1;VÁLVULA DE GLOBO, CUERPO A216 WCC, ANSI B16.5 CLASE 150 FF, RELACIÓN DE REGULACIÓN 50:1 PASORECTO ACCIONAMIENTO NEUMÁTICO;;;;;"2""";1
VAL104;1.2612;"03351-PW-2""-C1-0039-N";C1;VÁLVULA MARIPOSA, ASTM A234 GR WBP, TRIM ASTM A531, CF8M, ASME B16.34, API 609, TIPO LUG, CLASE 150,PCO, RPTFE;;;;;"2""";1
VAL105;1.2613;"03351-PW-2""-C1-0056-N";C1;VÁLVULA PINCH PASO TOTAL, MATERIAL CUERPOA126CI.B, MATERIAL EJE A283-C, MATERIAL BUJES PP, MATERIAL MANGA NBR, ANSI B16.5 CLASE 150 FF, PO;;;;;"2""";1
VAL106;1.2614;"03351-PW-2""-C1-0055-N";C1;VÁLVULA PINCH PASO TOTAL, MATERIAL CUERPO A126CI.B, MATERIAL EJE A283-C, MATERIAL BUJES PP,MATERIAL MANGA NBR, ANSI B16.5 CLASE 150 FF, PO;;;;;"2""";1
VAL107;1.2615;"03351-PW-2""-C1-0054-N";C1;VÁLVULA PINCH PASO TOTAL, MATERIAL CUERPO A126CI.B, MATERIAL EJE A283-C, MATERIAL BUJES PP, MATERIAL MANGA NBR, ANSI B16.5 CLASE 150 FF, PO;;;;;"2""";1
VAL108;1.2616;"03351-CT-3""-C2-0064-N";C2;VÁLVULA PINCH PASO TOTAL, MATERIAL CUERPO A126CI.B, MATERIAL EJE A283-C, MATERIAL BUJES PP, MATERIAL MANGA NBR, ANSI B16.5 CLASE 150 FF, PO (VPN-601);;;;;"3""";1
VAL109;1.2617;"03351-CT-3""-C2-0063-N";C2;VÁLVULA PINCH PASO TOTAL, MATERIAL CUERPO A126CI.B, MATERIAL EJE A283-C, MATERIAL BUJES PP, MATERIAL MANGA NBR, ANSI B16.5 CLASE 150 FF, PO (VPN-601);;;;;"3""";1
VAL110;1.2618;"03351-CT-3""-C2-0068-N";C2;VÁLVULA PINCH PASO TOTAL, MATERIAL CUERPO A126CI.B, MATERIAL EJE A283-C, MATERIAL BUJES PP, MATERIAL MANGA NBR, ANSI B16.5 CLASE 150 FF, PO (VPN-601);;;;;"3""";1
VAL111;1.2619;"03351-CT-3""-C2-0065-N";C2;VÁLVULA PINCH PASO TOTAL, MATERIAL CUERPO A126CI.B, MATERIAL EJE A283-C, MATERIAL BUJES PP, MATERIAL MANGA NBR, ANSI B16.5 CLASE 150 FF, PO (VPN-601);;;;;"3""";1
VAL112;1.2620;"03351-CT-3""-C2-0074-N";C2;VÁLVULA PINCH PASO TOTAL, MATERIAL CUERPO A126CI.B, MATERIAL EJE A283-C, MATERIAL BUJES PP, MATERIAL MANGA NBR, ANSI B16.5 CLASE 150 FF, PO (VPN-601);;;;;"3""";1
VAL113;1.2621;"03351-CT-3""-C2-0012-N";C2;VÁLVULA PINCH PASO TOTAL, MATERIAL CUERPO A126CI.B, MATERIAL EJE A283-C, MATERIAL BUJES PP, MATERIAL MANGA NBR, ANSI B16.5 CLASE 150 FF, PO (VPN-601);;;;;"3""";1
VAL114;1.2622;"03351-CT-3""-C2-0069-N";C2;VÁLVULA PINCH PASO TOTAL, MATERIAL CUERPO A126CI.B, MATERIAL EJE A283-C, MATERIAL BUJES PP, MATERIAL MANGA NBR, ANSI B16.5 CLASE 150 FF, PO (VPN-601);;;;;"3""";1
VAL115;1.2623;"03351-CT-6""-C3-0021-R3";C3;VÁLVULA PINCH PASO TOTAL, MATERIAL CUERPO A126CI.B, MATERIAL EJE A283-C, MATERIAL BUJES PP, MATERIAL MANGA NBR, ANSI B16.5 CLASE 150 FF, PO (VPN-601);;;;;"3""";1
VAL116;1.2624;"03351-CT-3""-C2-0066-N";C2;VÁLVULA PINCH PASO TOTAL, MATERIAL CUERPO A126CI.B, MATERIAL EJE A283-C, MATERIAL BUJES PP, MATERIAL MANGA NBR, ANSI B16.5 CLASE 150 FF, PO (VPN-601);;;;;"3""";1
VAL117;1.2625;"03351-CT-3""-C2-0072-N";C2;VÁLVULA PINCH PASO TOTAL, MATERIAL CUERPO A126CI.B, MATERIAL EJE A283-C, MATERIAL BUJES PP, MATERIAL MANGA NBR, ANSI B16.5 CLASE 150 FF, PO (VPN-601);;;;;"3""";1
VAL118;1.2626;"03351-CT-3""-C2-0061-N";C2;VÁLVULA PINCH PASO TOTAL, MATERIAL CUERPO A126CI.B, MATERIAL EJE A283-C, MATERIAL BUJES PP, MATERIAL MANGA NBR, ANSI B16.5 CLASE 150 FF, PO (VPN-601);;;;;"3""";1
VAL119;1.2627;"03351-CT-3""-C2-0062-N";C2;VÁLVULA PINCH PASO TOTAL, MATERIAL CUERPO A126CI.B, MATERIAL EJE A283-C, MATERIAL BUJES PP, MATERIAL MANGA NBR, ANSI B16.5 CLASE 150 FF, PO (VPN-601);;;;;"3""";1
VAL120;1.2628;"03351-CT-3""-C2-0086-N";C2;VÁLVULA PINCH PASO TOTAL, MATERIAL CUERPO A126CI.B, MATERIAL EJE A283-C, MATERIAL BUJES PP, MATERIAL MANGA NBR, ANSI B16.5 CLASE 150 FF, PO (VPN-601);;;;;"3""";1
VAL121;1.2629;"03351-CT-3""-C2-0071-N";C2;VÁLVULA PINCH PASO TOTAL, MATERIAL CUERPO A126CI.B, MATERIAL EJE A283-C, MATERIAL BUJES PP, MATERIAL MANGA NBR, ANSI B16.5 CLASE 150 FF, PO (VPN- 601);;;;;"3""";1
VAL122;1.2630;"03351-CT-3""-C2-0059-N";C2;VÁLVULA PINCH PASO TOTAL, MATERIAL CUERPO A126CI.B, MATERIAL EJE A283-C, MATERIAL BUJES PP, MATERIAL MANGA NBR, ANSI B16.5 CLASE 150 FF, PO (VPN- 601);"3""-VPN-601";;03350-201CA-00003;HV-1170;"3""";1
VAL123;1.2631;"03351-CT-3""-C2-0070-N";C2;VÁLVULA PINCH PASO TOTAL, MATERIAL CUERPO A126CI.B, MATERIAL EJE A283-C, MATERIAL BUJES PP, MATERIAL MANGA NBR, ANSI B16.5 CLASE 150 FF, PO (VPN- 601);;;;;"3""";1
VAL124;1.2632;"03351-CT-3""-C2-0060-N";C2;VÁLVULA PINCH PASO TOTAL, MATERIAL CUERPO A126CI.B, MATERIAL EJE A283-C, MATERIAL BUJES PP, MATERIAL MANGA NBR, ANSI B16.5 CLASE 150 FF, PO (VPN-601);;;;;"3""";1
VAL125;1.2633;"03351-PW-2""-C1-0051-N";C1;VÁLVULA PINCH PASO TOTAL, MATERIAL CUERPO A126CI.B, MATERIAL EJE A283-C, MATERIAL BUJES PP, MATERIAL MANGA NBR, ANSI B16.5 CLASE 150 FF, PO (VPN-602);;;;;"2""";1
VAL126;1.2634;"03351-PW-2""-C1-0025-N";C1;VÁLVULA PINCH PASO TOTAL, MATERIAL CUERPO A126CI.B, MATERIAL EJE A283-C, MATERIAL BUJES PP, MATERIAL MANGA NBR, ANSI B16.5 CLASE 150 FF, PO (VPN-602);;;;;"2""";1
VAL127;1.2635;"03351-PW-2""-C1-0028-N";C1;VÁLVULA PINCH PASO TOTAL, MATERIAL CUERPO A126CI.B, MATERIAL EJE A283-C, MATERIAL BUJES PP, MATERIAL MANGA NBR, ANSI B16.5 CLASE 150 FF, PO (VPN-602);;;;;"2""";1
VAL128;1.2636;"03351-PW-2""-C1-0024-N";C1;VÁLVULA PINCH PASO TOTAL, MATERIAL CUERPO A126CI.B, MATERIAL EJE A283-C, MATERIAL BUJES PP, MATERIAL MANGA NBR, ANSI B16.5 CLASE 150 FF, PO (VPN-602);;;;;"2""";1
VAL129;1.2637;"03351-PW-2""-C1-0085-N";C1;VÁLVULA PINCH PASO TOTAL, MATERIAL CUERPO A126CI.B, MATERIAL EJE A283-C, MATERIAL BUJES PP, MATERIAL MANGA NBR, ANSI B16.5 CLASE 150 FF, PO (VPN-602);;;;;"2""";1
VAL130;1.2638;"03351-PW-2""-C1-0081-N";C1;VÁLVULA PINCH PASO TOTAL, MATERIAL CUERPO A126CI.B, MATERIAL EJE A283-C, MATERIAL BUJES PP, MATERIAL MANGA NBR, ANSI B16.5 CLASE 150 FF, PO (VPN-602);;;;;"2""";1
VAL131;1.2639;"03351-PW-2""-C1-0026-N";C1;VÁLVULA PINCH PASO TOTAL, MATERIAL CUERPO A126CI.B, MATERIAL EJE A283-C, MATERIAL BUJES PP, MATERIAL MANGA NBR, ANSI B16.5 CLASE 150 FF, PO (VPN-602);;;;;"2""";1
VAL132;1.2640;"03351-PW-2""-C1-0049-N";C1;VÁLVULA PINCH PASO TOTAL, MATERIAL CUERPO A126CI.B, MATERIAL EJE A283-C, MATERIAL BUJES PP, MATERIAL MANGA NBR, ANSI B16.5 CLASE 150 FF, PO (VPN-602);;;;;"2""";1
VAL133;1.2641;"03351-PW-2""-C1-0082-N";C1;VÁLVULA PINCH PASO TOTAL, MATERIAL CUERPO A126CI.B, MATERIAL EJE A283-C, MATERIAL BUJES PP, MATERIAL MANGA NBR, ANSI B16.5 CLASE 150 FF, PO (VPN-602);;;;;"2""";1
VAL134;1.2642;"03351-PW-2""-C1-0053-N";C1;VÁLVULA PINCH PASO TOTAL, MATERIAL CUERPO A126CI.B, MATERIAL EJE A283-C, MATERIAL BUJES PP, MATERIAL MANGA NBR, ANSI B16.5 CLASE 150 FF, PO (VPN-602);;;;;"2""";1
VAL135;1.2643;"03351-PW-2""-C1-0052-N";C1;VÁLVULA PINCH PASO TOTAL, MATERIAL CUERPO A126CI.B, MATERIAL EJE A283-C, MATERIAL BUJES PP, MATERIAL MANGA NBR, ANSI B16.5 CLASE 150 FF, PO (VPN-602);;;;;"2""";1
VAL136;1.2644;"03351-PW-2""-C1-0084-N";C1;VÁLVULA PINCH PASO TOTAL, MATERIAL CUERPO A126CI.B, MATERIAL EJE A283-C, MATERIAL BUJES PP, MATERIAL MANGA NBR, ANSI B16.5 CLASE 150 FF, PO (VPN- 602);;;;;"2""";1
VAL137;1.2645;"03351-PW-2""-C1-0048-N";C1;VÁLVULA PINCH PASO TOTAL, MATERIAL CUERPO A126CI.B, MATERIAL EJE A283-C, MATERIAL BUJES PP, MATERIAL MANGA NBR, ANSI B16.5 CLASE 150 FF, PO (VPN- 602);;;;;"2""";1
VAL138;1.2646;"03351-PW-2""-C1-0083-N";C1;VÁLVULA PINCH PASO TOTAL, MATERIAL CUERPO A126CI.B, MATERIAL EJE A283-C, MATERIAL BUJES PP, MATERIAL MANGA NBR, ANSI B16.5 CLASE 150 FF, PO (VPN- 602);;;;;"2""";1
VAL139;1.2647;"03351-GW-1""-C1-0075-N";C1;VÁLVULA RETENCIÓN TIPO SWING CHECK, ASME B16.34 CL150, CONEXIÓN NPT, 250 PSI WWP, CUERPO: ASTMA105, TRIM: SS TP316;;;;;"1""";1
VAL140;1.2648;"03351-GW-1""-C1-0076-N";C1;VÁLVULA RETENCIÓN TIPO SWING CHECK, ASME B16.34 CL150, CONEXIÓN NPT, 250 PSI WWP, CUERPO: ASTMA105, TRIM: SS TP316;;;;;"1""";1
VAL141;1.2649;"03351-GW-1""-C1-0032-N";C1;VÁLVULA TIPO GLOBO, ASTM A216 WCB, TRIM ASTM A351 CF8M, ASME B16.34, API 600 RF, CLASE 150, HO, EPDM;;;;;"1""";1
VAL142;1.2650;"03351-GW-1""-C1-0036-N";C1;VÁLVULA TIPO GLOBO, ASTM A216 WCB, TRIM ASTM A351 CF8M, ASME B16.34, API 600 RF, CLASE 150, HO, EPDM;;;;;"1""";1
VAL143;1.2651;"03351-GW-1""-C1-0034-N";C1;VÁLVULA TIPO GLOBO, ASTM A216 WCB, TRIM ASTM A351 CF8M, ASME B16.34, API 600 RF, CLASE 150, HO, EPDM;;;;;"1""";1
VAL144;2.289;"03351-IA-2""-G1-0112-N";G1;"VÁLVULA DE BOLA 2 CUERPOS, MSS SP-110 CL 2000 CWP; WOG, FULL PORT, CUERPO ASTM A105, TRIM ASTM A216 TP316, ASIENTO PTFE REFORZADO, SELLOS PTFE, ASMEB1.20.1 N";;;;;"1/2""";1
VAL145;2.290;"03351-IA-2""-G1-0100-N";G1;"VÁLVULA DE BOLA 2 CUERPOS, MSS SP-110 CL 2000 CWP; WOG, FULL PORT, CUERPO ASTM A105, TRIM ASTM A216 TP316, ASIENTO PTFE REFORZADO, SELLOS PTFE, ASMEB1.20.1 N";;;;;"1/2""";1
VAL146;2.291;"03351-IA-2""-G1-0110-N";G1;"VÁLVULA DE BOLA 3 CUERPOS, MSS SP-110 CL 2000 CWP; WOG,  FULL PORT, CUERPO ASTM A105, TRIM ASTM A216 TP316, ASIENTO PTFE REFORZADO, SELLOS PTFE, ASMEB1.20.1";;;;;"2""";1
VAL147;2.292;"03351-IA-2""-G1-0112-N";G1;"VÁLVULA DE BOLA 3 CUERPOS, MSS SP-110 CL 2000 CWP; WOG,  FULL PORT, CUERPO ASTM A105, TRIM ASTM A216 TP316, ASIENTO PTFE REFORZADO, SELLOS PTFE, ASMEB1.20.1";;;;;"2""";1
VAL148;2.293;"03351-IA-1""-G1-0103-N";G1;"VÁLVULA DE BOLA 3 CUERPOS, MSS SP-110 CL 2000 CWP; WOG,  FULL PORT, CUERPO ASTM A105, TRIM ASTM A216 TP316, ASIENTO PTFE REFORZADO, SELLOS PTFE, ASMEB1.20.1";;;;;"1""";1
VAL149;2.294;"03351-IA-1""-G1-0104-N";G1;"VÁLVULA DE BOLA 3 CUERPOS, MSS SP-110 CL 2000 CWP; WOG,  FULL PORT, CUERPO ASTM A105, TRIM ASTM A216 TP316, ASIENTO PTFE REFORZADO, SELLOS PTFE, ASMEB1.20.1";;;;;"1""";1
VAL150;2.295;"03351-IA-1""-G1-0109-N";G1;"VÁLVULA DE BOLA 3 CUERPOS, MSS SP-110 CL 2000 CWP; WOG,  FULL PORT, CUERPO ASTM A105, TRIM ASTM A216 TP316, ASIENTO PTFE REFORZADO, SELLOS PTFE, ASMEB1.20.1";;;;;"1""";1
VAL151;2.296;"03351-IA-2""-G1-0112-N";G1;"VÁLVULA DE BOLA 3 CUERPOS, MSS SP-110 CL 2000 CWP; WOG,  FULL PORT, CUERPO ASTM A105, TRIM ASTM A216 TP316, ASIENTO PTFE REFORZADO, SELLOS PTFE, ASME B1.20.";;;;;"1""";1
VAL152;2.297;"03351-IA-2""-G1-0100-N";G1;"VÁLVULA DE BOLA 3 CUERPOS, MSS SP-110 CL 2000 CWP; WOG,  FULL PORT, CUERPO ASTM A105, TRIM ASTM A216 TP316, ASIENTO PTFE REFORZADO, SELLOS PTFE, ASME B1.20.";;;;;"1""";1
VAL153;2.298;"03351-IA-1""-G1-0102-N";G1;"VÁLVULA DE BOLA 3 CUERPOS, MSS SP-110 CL 2000 CWP; WOG,  FULL PORT, CUERPO ASTM A105, TRIM ASTM A216 TP316, ASIENTO PTFE REFORZADO, SELLOS PTFE, ASME B1.20.";;;;;"1""";1
VAL154;2.299;"03351-IA-1""-G1-0107-N";G1;"VÁLVULA DE BOLA 3 CUERPOS, MSS SP-110 CL 2000 CWP; WOG,  FULL PORT, CUERPO ASTM A105, TRIM ASTM A216 TP316, ASIENTO PTFE REFORZADO, SELLOS PTFE, ASMEB1.20.1";;;;;"1""";1
VAL155;2.300;"03351-IA-1""-G1-0105-N";G1;"VÁLVULA DE BOLA 3 CUERPOS, MSS SP-110 CL 2000 CWP; WOG,  FULL PORT, CUERPO ASTM A105, TRIM ASTM A216 TP316, ASIENTO PTFE REFORZADO, SELLOS PTFE, ASMEB1.20.1";;;;;"1""";1
VAL156;2.301;"03351-IA-1""-G1-0111-N";G1;"VÁLVULA DE BOLA 3 CUERPOS, MSS SP-110 CL 2000 CWP; WOG,  FULL PORT, CUERPO ASTM A105, TRIM ASTM A216 TP316, ASIENTO PTFE REFORZADO, SELLOS PTFE, ASMEB1.20.1";;;;;"1""";1
VAL157;2.302;"03351-IA-1""-G1-0108-N";G1;"VÁLVULA DE BOLA 3 CUERPOS, MSS SP-110 CL 2000 CWP; WOG,  FULL PORT, CUERPO ASTM A105, TRIM ASTM A216 TP316, ASIENTO PTFE REFORZADO, SELLOS PTFE, ASMEB1.20.1";;;;;"1""";1
VAL158;2.303;"03351-IA-2""-G1-0100-N";G1;"VÁLVULA DE BOLA 3 CUERPOS, MSS SP-110 CL 2000 CWP; WOG,  FULL PORT, CUERPO ASTM A105, TRIM ASTM A216 TP316, ASIENTO PTFE REFORZADO, SELLOS PTFE, ASMEB1.20.1";;;;;"2""";1
VAL159;2.304;"03351-IA-2""-G1-0112-N";G1;"VÁLVULA DE BOLA 3 CUERPOS, MSS SP-110 CL 2000 CWP; WOG,  FULL PORT, CUERPO ASTM A105, TRIM ASTM A216 TP316, ASIENTO PTFE REFORZADO, SELLOS PTFE, ASMEB1.20.1";;;;;"2""";1
VAL160;2.305;"03351-IA-2""-G1-0101-N";G1;"VÁLVULA DE BOLA 3 CUERPOS, MSS SP-110 CL 2000 CWP; WOG,  FULL PORT, CUERPO ASTM A105, TRIM ASTM A216 TP316, ASIENTO PTFE REFORZADO, SELLOS PTFE, ASMEB1.20.1";;;;;"1""";1
VAL161;2.306;"03351-IA-1""-G1-0106-N";G1;"VÁLVULA DE BOLA 3 CUERPOS, MSS SP-110 CL 2000 CWP; WOG,  FULL PORT, CUERPO ASTM A105, TRIM ASTM A216 TP316, ASIENTO PTFE REFORZADO, SELLOS PTFE, ASMEB1.20.1";;;;;"1""";1
VAL162;3.106;"03351-FP-2""-C5-0121-N";C5;VÁLVULA BOLA ALEACIÓN DE ACERO ASTM B584 ALLOYC84400 TRIM: ASTM B371 ALLOY C69430 MSS SP-110 HEMBRA THD ENDS NPT 300 PSI LO EPDM UL/FM;;;;;"3/4""";1
VAL163;3.107;"03351-FP-2""-C5-0121-N";C5;VÁLVULA BOLA ALEACIÓN DE ACERO ASTM B584 ALLOYC84400 TRIM: ASTM B371 ALLOY C69430 MSS SP-110 HEMBRA THD ENDS NPT 300 PSI LO EPDM UL/FM;;;;;"3/4""";1
VAL164;3.108;"03351-FP-1""-C5-0122-N";C5;VÁLVULA BOLA ALEACIÓN DE ACERO ASTM B584 ALLOY C84400 TRIM: ASTM B371 ALLOY C69430 MSS SP-110 HEMBRA THD ENDS NPT 300 PSI LO EPDM UL/FM;;;;;"1""";1
VAL165;3.109;"03351-FP-2""-C5-0121-N";C5;VÁLVULA COMPUERTA HIERRO FUNDIDO ASTM A536 GR 65-45-12 TRIM SS304 AWWA C515 API 607 OS&Y DISCO SOLIDO FF 300 PSI HO EPDM UL/FM;;;;;"2""";1
VAL166;3.110;"03351-FP-2""-C5-0121-N";C5;VÁLVULA COMPUERTA HIERRO FUNDIDO ASTM A536 GR 65-45-12 TRIM SS304 AWWA C515 API 607 OS&Y DISCO SOLIDO FF 300 PSI HO EPDM UL/FM;;;;;"6""";1
VAL167;3.111;"03351-FP-2""-C5-0121-N";C5;VÁLVULA REGULADORA DE PRESIÓN ACERO CARBONOASTM A216 WCB TRIM ASTM A276 TIPO 316 ASME B16.34 ANSI B16.5, FF CL 150 EPDM UL/FM;;;;;"2""";1
